Ticker,Company Name,ISIN Code
A,Agilent Technologies Inc.,US00846U1016
AA,Alcoa Inc,US0138171014
AAL,American Airlines Group Inc,US02376R1023
AAP,Advance Auto Parts Inc,US00751Y1064
AAPL,Apple Inc.,US0378331005
ABBV,AbbVie Inc.,US00287Y1091
COR,Cencora Inc,US03073E1055
ABI,Applied Biosystems Inc.,US0381491002
AMBC,Ambac Financial Group Inc.,US0231398845
ABS,Albertson's Inc.,US0131041040
ABT,Abbott Laboratories,US0028241000
ABX,Barrick Gold Corp.,CA0679011084
ACAS,American Capital Ltd,US02503Y1038
ACKH,Armstrong Holding Inc,US0423841073
ACN,Accenture plc,IE00B4BNMY34
ACS,Affiliated Computer Services,US0081901003
ACV,Alberto-Culver Co.,US0130781000
ADBE,Adobe Systems Inc.,US00724F1012
ADCT,ADC Telecommunications Inc,US0008863096
ADI,Analog Devices Inc.,US0326541051
ADM,Archer-Daniels-Midland Co.,US0394831020
ADP,Automatic Data Processing Inc,US0530151036
SXCL,Steel Excel Inc,US8581222036
ADS,Alliance Data Systems Corp.,US0185811082
ADSK,Autodesk Inc.,US0527691069
ADT,ADT Corp.,US00101J1060
AEE,Ameren Corp.,US0236081024
AEP,American Electric Power Company Inc,US0255371017
AES,AES Corp.,US00130H1059
AET,Aetna Inc.,US00817Y1082
AFL,AFLAC Inc.,US0010551028
AFS.A,Associates First Capital Corp,US0460081088
AGC,American General Insurance Co,US0263511067
AGN,Allergan plc,IE00BY9D5467
AGN (Old),Allergan Inc. (Old),US0184901025
AIG,AIG Inc.,US0268747849
AIV,Aimco,US03748R7540
AIZ,Assurant Inc.,US04621X1081
AJG,Arthur J. Gallagher & Co,US3635761097
AKAM,Akamai Technologies Inc.,US00971T1016
AKS,AK Steel Holding Corp.,US0015471081
AL (Alc),Alcan Inc.,CA0137161059
ALB,Albemarle Corp,US0126531013
ALK,Alaska Air Group,US0116591092
ALL,Allstate Corp.,US0200021014
ALLE,Allegion Plc,IE00BFRT3W74
ALTR (Alt),Altera Corp.,US0214411003
ALXN,Alexion Pharmaceuticals Inc,US0153511094
AM,American Greetings Corp,US0263751051
AMAT,Applied Materials Inc.,US0382221051
AMCC,Applied Micro Circuits Corp.,US03822W4069
AMD,Advanced Micro Devices Inc,US0079031078
AME,AMETEK Inc,US0311001004
AMG,Affiliated Managers Group Inc,US0082521081
AMGN,Amgen Inc.,US0311621009
AMP,Ameriprise Financial Inc,US03076C1062
AMR (AMR),AMR Corp.,US0017651060
AMT,American Tower Corp.,US03027X1000
AMZN,Amazon.com Inc.,US0231351067
AN,AutoNation Inc.,US05329W1027
ANDW,Andrew Corp.,US0344251089
ANF,Abercrombie & Fitch Co,US0028962076
ANR,Alpha Natural Resources Inc,US02076X1028
ELV,Elevance Health Inc,US0367521038
AON,Aon plc,IE00BLP1HW54
APA,Apache Corp,US03743Q1085
APC,Anadarko Petroleum Corp.,US0325111070
APCC,American Power Conversion Corp,US0290661075
APD,Air Products & Chemicals Inc,US0091581068
APH,Amphenol Corp.,US0320951017
APOL,Apollo Education Group,US0376041051
ARC (Atl),Atlantic Richfield Co,US0488251036
ARG,Airgas Inc.,US0093631028
HWM,Howmet Aerospace Inc,US4432011082
ASH,Ashland Global Holdings Inc,US0441861046
ASN,Archstone-Smith Trust,US0395831094
ASO,AmSouth Bancorp,US0321651020
AT (All),Alltel Corp,US0200391037
ATI,Allegheny Technologies Inc.,US01741R1023
ATVI,Activision Blizzard Inc,US00507V1098
AV,Avaya Inc.,US0534991098
AVB,AvalonBay Communities,US0534841012
AVGO,Broadcom Ltd,US11135F1012
AVP,Avon Products Inc,US0543031027
AVY,Avery Dennison Corp,US0536111091
AW,Allied Waste Industries Inc.,US0195893088
AWE,AT&T Wireless,US00209A1060
AWK,American Water Works Inc,US0304201033
AXP,American Express Co,US0258161092
AYE,Allegheny Energy Inc.,US0173611064
AYI,Acuity Brands Inc,US00508Y1029
AZA.A,ALZA Corp.,US0226151084
AZO,AutoZone Inc,US0533321024
BA,Boeing Co.,US0970231058
BAC,Bank of America Corp.,US0605051046
BAX,Baxter International Inc.,US0718131099
BBBY,Bed Bath & Beyond Inc,US0758961009
TFC,Truist Financial Corp,US89832Q1094
BBY,Best Buy Co. Inc.,US0865161014
BC,Brunswick Corp.,US1170431092
BCR,C. R. Bard Inc,US0673831097
BDK,Black & Decker Manufacturing,US0917971006
BDX,Becton Dickinson & Co,US0758871091
BEAM (Sun),Beam Suntory Inc,US0737301038
BEN,Franklin Resources Inc,US3546131018
BF.B,Brown-Forman Corp.,US1156372096
BFO,BestFoods,US08658U1016
BGEN,Biogen NV,US0905971059
BGG,Briggs & Stratton Corp,US1090431099
BKR,Baker Hughes Co,US05722G1004
BIG,Big Lots Inc.,US0893021032
BIIB,Biogen Idec Inc,US09062X1037
BJS,BJ Services Co.,US0554821035
BK,Bank of New York Mellon Corp,US0640581007
BLK,BlackRock Inc,US09247X1019
BALL,Ball Corp,US0584981064
BLS,BellSouth Corp.,US0798601029
BMC,BMC Software Inc,US0556071050
BMET,Biomet Inc.,US0906131000
BMS,Bemis Company Inc,US0814371052
BMY,Bristol-Myers Squibb Co,US1101221083
BNI,Burlington Northern Santa Fe Corp,US12189T1043
BOL,Bausch & Lomb Inc.,US0717071031
BR (OLD),Burlington Resources,US1220141030
BRCM,Broadcom Corp.,US1113201073
BRK.B,Berkshire Hathaway Inc,US0846707026
BRL,Barr Pharmaceuticals Inc.,US0683061099
BS,Bethlehem Steel Corp,US0875091052
BSC,Bear Stearns Co,US0739021089
BSX,Boston Scientific Corp,US1011371077
BTU,Peabody Energy Corp,US7045511000
BUD (Anh),Anheuser-Busch Inc.,US0352291035
BVSN,BroadVision Inc.,US1114127061
BWA,BorgWarner Inc,US0997241064
BXLT,Baxalta,US07177M1036
BXP,Boston Properties,US1011211018
C,Citigroup Inc.,US1729674242
CA,CA Inc,US12673P1057
CAG,ConAgra Brands Inc,US2058871029
CAH,Cardinal Health Inc.,US14149Y1082
CAM,Cameron International Corp,US13342B1052
CAT,Caterpillar Inc.,US1491231015
CB,Chubb Ltd,CH0044328745
CB (Old),Chubb Corp. (Old),US1712321017
CBE,Cooper Industries plc,IE00B40K9117
CBRE,CBRE Group Inc,US12504L1098
CBH,Commerce Bancorp (New Jersey),US2005191067
PARA,Paramount Global,US92556H2067
CBS (Old),CBS Corp. (Old),US12490K1079
CBSS,Compass Bancshares Inc,US20449H1095
CC (Circ),Circuit City Stores Inc.,US1727371080
CCE,Coca-Cola European Partners plc,US19122T1097
CCI,Crown Castle Int'l Corp.,US22822V1017
CCK,Crown Holdings Inc,US2283681060
CCL,Carnival Corp.,PA1436583006
CAR,Avis Budget Group,US0537741052
CE (Con),Concord EFS Inc.,US2061971055
CEG (Old),Constellation Energy Group Inc (Old),US2103711006
CELG,Celgene Corp.,US1510201049
CEN,Ceridian Corp.,US1567791009
CEPH,Cephalon Inc.,US1567081096
CERN,Cerner Corp,US1567821046
CF,CF Industries Holdings Inc.,US1252691001
CF (Char),Charter One Financial Inc,US1609031000
CFC,Countrywide Financial Corp.,US2223721042
CFG,Citizens Financial Group Inc,US1746101054
CFN,CareFusion Corp,US14170T1016
CG,Columbia Energy Group,US1976480095
CGP,Coastal Corp.,US1904411055
CHA,Champion International Corp,US1585251051
CHD,Church & Dwight Co Inc,US1713401024
CHIR,Chiron Corp.,US1700401094
CHK,Chesapeake Energy Corp,US1651671075
CHRW,C.H. Robinson Worldwide Inc,US12541W2098
CHTR,Charter Communications Inc,US16119P1084
CI,Cigna Corp.,US1255231003
CIEN,Ciena Corp.,US1717793095
CIN,Cinergy Corp.,US1724741087
CINF,Cincinnati Financial Corp,US1720621010
CIT,CIT Group Inc.,US1255771065
CL,Colgate-Palmolive Co,US1941621039
CLF,Cleveland-Cliffs Inc,US1858991011
CLX,Clorox Co,US1890541097
CMA,Comerica Inc.,US2003401070
CMCSA,Comcast Corp Class A,US20030N1019
CMCSK,Comcast Class A Spec.,US20030N2009
CMCSK (Old),Comcast Corp (Old),US2003001011
CME,CME Group Inc.,US12572Q1058
CMG,Chipotle Mexican Grill Inc,US1696561059
CMI,Cummins Inc.,US2310211063
CMS,CMS Energy Corp,US1258961002
CMVT,Comverse Technology Inc,US2058624022
CMX,Caremark Rx,US1417051034
CNC,Centene Corp,US15135B1017
CNG,Consolidated Natural Gas Co,US2096150048
CNO,CNO Financial Group,US12621E1038
CNP,CenterPoint Energy Inc,US15189T1079
CNX,Consol Energy Inc.,US12653C1080
CNXT,Conexant Systems,US2071423089
COC.B,Conoco Inc.,US2082513068
COF,Capital One Financial Corp,US14040H1059
CTRA,Coterra Energy Inc,US1270971039
TPR,Tapestry Inc.,US8760301072
COL,Rockwell Collins Inc,US7743411016
COMS,3Com Corp.,US8855351040
COO,The Cooper Companies Inc,US2166484020
COP,ConocoPhillips,US20825C1045
COST,Costco Wholesale Corp,US22160K1051
COTY,Coty Inc,US2220702037
COV,Covidien Plc,IE00B68SQD29
CPB,Campbell Soup Co,US1344291091
CPGX,Columbia Pipeline Group Inc.,US1982801094
CPN,Calpine Corp.,US1313471062
CPQ,Compaq Computer Corp,US2044931002
CPWR,Compuware Corp,US2056381096
CR,Crane Co.,US2243991054
CRM,Salesforce.com Inc,US79466L3024
CSC,Computer Sciences Corp.,US2053631048
CSCO,Cisco Systems Inc,US17275R1023
CSR,Central & South West Corp,US1523571099
CSRA,CSRA Inc,US12650T1043
CSX,CSX Corp.,US1264081035
CTAS,Cintas Corp.,US1729081059
CTB,Cooper Tire & Rubber Co.,US2168311072
LUMN,Lumen Technologies Inc,US5502411037
CTSH,Cognizant Technology Solutions Corp,US1924461023
CTX,Centex Corp.,US1523121044
CTXS,Citrix Systems Inc,US1773761002
RMG,Cablevision Systems Corp.,US12686C1099
CVG,Convergys Corp.,US2124851062
CVH,Coventry Corp,US2228621049
CVS,CVS Health Corp.,US1266501006
CVX,Chevron Corp.,US1667641005
CXO,Concho Resources Inc,US20605P1012
D,Dominion Resources Inc,US25746U1097
DAL,Delta Air Lines Inc,US2473617023
DAN,Dana Inc,US2358252052
DD (Old),DuPont Co (Old),US2635341090
SITC,SITE Centers Corp,US82981J1097
DDS,Dillard's Inc.,US2540671011
DE,Deere & Co.,US2441991054
DELL,Dell Inc,US24702R1014
DF,Dean Foods Co,US2423702032
DFS,Discover Financial Services,US2547091080
DG,Dollar General Corp,US2566771059
DGX,Quest Diagnostics Inc,US74834L1008
DHI,D.R. Horton Inc,US23331A1097
DHR,Danaher Corp.,US2358511028
DIS,Walt Disney Co,US2546871060
WBD,Warner Bros. Discovery Inc,US9344231041
DISCK,Discovery Communications Inc Class C (Warner Bros. Discovery Inc),US25470F3029
DJ,Dow Jones & Co. Inc.,US2605611050
APTV,Aptiv PLC,JE00B783TY65
DLR,Digital Realty Trust,US2538681030
DLTR,Dollar Tree Inc,US2567461080
DLX,Deluxe Corp.,US2480191012
DNB,Dun & Bradstreet Corp,US26483E1001
DNR,Denbury Resources Inc.,US2479162081
DO,Diamond Offshore Drilling Inc,US25271C1027
DOV,Dover Corp.,US2600031080
DD,DuPont de Nemours Inc,US26614N1028
DPH,Delphi Corp. (Old),US2471261055
DPS,Dr Pepper Snapple Group Inc,US26138E1091
DRI,Darden Restaurants Inc,US2371941053
DTE,DTE Energy Co.,US2333311072
DTV,DirecTV,US25490A3095
DUK,Duke Energy Corp,US26441C2044
ATGE,"DeVry, Inc.",US00737L1035
DVA,DaVita Inc.,US23918K1088
DVN,Devon Energy Corp.,US25179M1036
DYN,Dynegy Inc.,US26817R1086
EA,Electronic Arts Inc,US2855121099
EBAY,eBay Inc.,US2786421030
EC,Engelhard Corp.,US2928451044
ECL,Ecolab Inc.,US2788651006
ED,Consolidated Edison Inc,US2091151041
EDS,Electronic Data Systems Corp,US2856611049
EFU,Eastern Enterprises,US27637F1003
EFX,Equifax Inc.,US2944291051
EIX,Edison International,US2810201077
KODK,Eastman Kodak Co.,US2774614067
EL,Estee Lauder Companies Inc,US5184391044
EMC,EMC Corp.,US2686481027
EMN,Eastman Chemical Co,US2774321002
EMR,Emerson Electric Co,US2910111044
ENDP,Endo Int'l plc,IE00BJ3V9050
ENRNQ,Enron Corp.,US2935611069
EOG,EOG Resources Inc,US26875P1012
EOP,Equity Office Properties Trust,US2947411037
EP,El Paso Corp.,US28336L1098
EQ (Emb),Embarq Corporation,US29078E1055
EQIX,Equinix Inc,US29444U7000
EQR,Equity Residential,US29476L1070
EQT,EQT Corp,US26884L1098
ES,Eversource Energy,US30040W1080
ESRX,Express Scripts Holding Co,US30219G1085
ESS,Essex Property Trust,US2971781057
VAL,Valaris plc,GB00B4VLR192
ETFC,E*Trade Financial Corp.,US2692464017
ETN,Eaton Corporation plc,IE00B8KQN827
ETR,Entergy Corp.,US29364G1031
ETS,Enterasys Networks Inc.,US2936374014
EVHC,Envision Healthcare Holdings Inc,US29414D1000
EW,Edwards Lifesciences Corp,US28176E1082
EXC,Exelon Corp.,US30161N1019
EXPD,Expeditors Int'l of Washington Inc,US3021301094
EXPE,Expedia Inc.,US30212P3038
EXR,Extra Space Storage Inc,US30225T1025
F,Ford Motor Co,US3453708600
FAST,Fastenal Co.,US3119001044
META,Meta Platforms Inc,US30303M1027
FBF,FleetBoston Financial Group Inc,US3390301089
FBIN,Fortune Brands Innovations Inc,US34964C1062
FCX,Freeport-McMoRan Inc.,US35671D8570
FDC,First Data Corp.,US32008D1063
FDO,Family Dollar Stores Inc,US3070001090
FDX,FedEx Corp,US31428X1063
FE,FirstEnergy Corp,US3379321074
FFIV,F5 Networks Inc,US3156161024
FHN,First Horizon National Corp,US3205171057
FHI,Federated Hermes Inc,US3142111034
FIS,Fidelity National Information Services Inc,US31620M1062
FI,Fiserv Inc,US3377381088
FITB,Fifth Third Bancorp,US3167731005
FJ,Fort James Corp.,US3474711047
FL,Foot Locker Inc.,US3448491049
FLE,Fleetwood Enterprises Inc,US3390991038
FLIR,FLIR Systems Inc,US3024451011
FLR,Fluor Corp.,US3434121022
FLS,Flowserve Corporation,US34354P1057
FMC,FMC Corp,US3024913036
FNMA,Fannie Mae (FNMA),US3135861090
FOSL,Fossil Group,US34988V1061
FOX (Old),Twenty-First Century Fox Inc Class B,US90130A2006
FOXA (Old),Twenty-First Century Fox Inc Class A,US90130A1016
FOX,Fox Corp Class B,US35137L2043
FOXA,Fox Corp Class A,US35137L1052
FPC,Florida Progress Corp,US3411090075
FRC,First Republic Bank,US33616C1009
FMCC,Freddie Mac (FHLMC),US3134003017
FRT,Federal Realty Investment Trust,US3137451015
FRX,Forest Laboratories Inc,US3458381064
FSH,Fisher Scientific Int'l,US3380322046
FSLB,Freescale Semiconductor Inc,US35687M2061
FSLR,First Solar Inc,US3364331070
FTI,TechnipFMC plc,GB00BDSFG982
FTR,Frontier Comm's Corp,US35906A3068
FTV,Fortive Corp,US34959J1088
FWLT,Foster Wheeler AG,CH0018666781
G (Gil),Gillette Co.,US3757661026
GAP,The Great Atlantic & Pacific Tea Co,US3900641032
GAS,AGL Resources Inc.,US0012041069
GAS (Nico),Nicor Inc.,US6540861076
GD,General Dynamics Corp,US3695501086
GDT,Guidant Corp,US4016981056
GDW,Golden West Financial,US3813171069
GE,General Electric Co,US3696043013
GEN (Gen),GenOn Energy Inc,US37244E1073
GENZ,Genzyme Corp.,US3729171047
GGP,GGP Inc,US36174X1019
GHC,Graham Holdings Co,US3846371041
NLV,NextLevel Systems Inc,US3701201077
GILD,Gilead Sciences Inc,US3755581036
GIS,General Mills Inc.,US3703341046
GLK (Chem),Great Lakes Chemical Corp,US3905681033
GLW,Corning Inc.,US2193501051
GM,General Motors Co,US37045V1008
GMCR,Keurig Green Mountain Inc,US49271M1009
GME,GameStop Corp.,US36467W1099
GNW,Genworth Financial Inc.,US37247D1063
GOOG,Alphabet Inc. Class C,US02079K1079
GOOGL,Alphabet Inc. Class A,US02079K3059
GP,Georgia-Pacific Group,US3732981085
GPC,Genuine Parts Co,US3724601055
GPN,Global Payments Inc,US37940X1028
GPS,Gap Inc.,US3647601083
GPU,GPU Inc.,US36225X1000
GR,Goodrich Corp.,US3823881061
GRA,W. R. Grace & Co,US38388F1084
GRMN,Garmin Ltd,CH0114405324
GS,Goldman Sachs Group Inc,US38141G1040
GT,Goodyear Tire & Rubber Co,US3825501014
GTE (GTE),GTE Corp.,US3623201031
GTW,Gateway Inc.,US3676261080
GWW,W. W. Grainger Inc,US3848021040
GLBC (Glob),Global Crossing Ltd,BMG3921A1009
H (Har),Harcourt General Inc.,US41163G1013
HAL,Halliburton Co.,US4062161017
HAR,Harman Int'l Industries Inc,US4130861093
HAS,Hasbro Inc.,US4180561072
HBAN,Huntington Bancshares Inc,US4461501045
HBI,Hanesbrands Inc,US4103451021
HCA,HCA Holdings Inc,US40412C1018
HCBK,Hudson City Bancorp Inc,US4436831071
WELL,Welltower Inc,US95040Q1040
DOC,Healthpeak Properties Inc,US42250P1030
HCR,Manor Care Inc.,US5640551017
HD,Home Depot Inc,US4370761029
HES,Hess Corp,US42809H1077
CZR (Har),Harrah's Entertainment,US1276861036
HI (Hou),Household International Inc,US4418151076
HIG,Hartford Financial Services Group Inc,US4165151048
HLT,Hilton Worldwide Holdings Inc.,US43300A2033
HM,Homestake Mining Co,US4376141002
HMA,Health Management Associates Inc,US4219331026
HNZ,H. J. Heinz Company,US4230741039
HOG,Harley-Davidson Inc,US4128221086
HOLX,Hologic Inc,US4364401012
HON,Honeywell International Inc,US4385161066
HOT,Starwood Hotels & Resorts Worldwide Inc,US85590A4013
HP,Helmerich and Payne Inc,US4234521015
HPC,Hercules Inc.,US4270561065
HPE,Hewlett Packard Enterprise Co,US42824C1099
HPQ,HP Inc,US40434L1052
HRB,H&R Block Inc,US0936711052
EHC,HealthSouth Corp.,US29261A1007
HRL,Hormel Foods Corp.,US4404521001
LHX,L3Harris Technologies Inc,US5024311095
HSH,Hillshire Brands Co,US4325891095
HSIC,Henry Schein Inc,US8064071025
HSP,Hospira Inc.,US4410601003
HST,Host Hotels & Resorts,US44107P1049
HSY,Hershey Co,US4278661081
HUM,Humana Inc.,US4448591028
IAC,IAC/InterActiveCorp,US44919P5089
IBM,IBM Corp.,US4592001014
ICE,Intercontinental Exchange Inc,US45866F1049
IDXX,IDEXX Laboratories Inc,US45168D1046
IFF,International Flavors & Fragrances Inc,US4595061015
IGT (Old),International Game Technology plc (Old),US4599021023
IHRT,iHeartMedia Inc,US1845021021
IKN,IKON Office Solutions Inc,US4517131011
ILMN,Illumina Inc,US4523271090
IMNX,Immunex Corp.,US4525281022
INCY,Incyte Corp,US45337C1027
INTC,Intel Corp.,US4581401001
INTU,Intuit Inc.,US4612021034
IP,International Paper Co.,US4601461035
IPG,Interpublic Group of Companies Inc,US4606901001
TT,Trane Technologies plc,IE00BK9ZQ967
IRM,Iron Mountain Inc.,US46284V1017
ISRG,Intuitive Surgical Inc.,US46120E6023
ITT,ITT Inc,US45073V1089
ITW,Illinois Tool Works Inc,US4523081093
IVZ,Invesco Ltd,BMG491BT1088
JAVA,Sun Microsystems,US8668102036
JBHT,J. B. Hunt Transport Services Inc.,US4456581077
JBL,Jabil Inc,US4663131039
JCI,Johnson Controls International plc,IE00BY7QL619
JCI (Old),Johnson Controls (Old),US4783661071
JCP,J.C. Penney Co Inc,US7081601061
J,Jacobs Solutions Inc,US46982L1089
JHF,John Hancock Financial Services Inc,US41014S1069
JNJ,Johnson & Johnson,US4781601046
JNPR,Juniper Networks Inc,US48203R1041
JNS,Janus Capital Group,US47102X1054
JNY,Jones Group,US48020T1016
JOS,Jostens Inc.,US4810883003
JOY,Joy Global Inc.,US4811651086
JP,Jefferson-Pilot Corp.,US4750701082
JPM,JPMorgan Chase & Co.,US46625H1005
JPM (Old),J. P. Morgan & Co. Inc (Old),US6168801008
JWN,Nordstrom Inc,US6556641008
K,Kellogg Co.,US4878361082
KATE,Kate Spade & Co,US4858651098
KBH,KB Home,US48666K1097
KEY,KeyCorp,US4932671088
KG,King Pharmaceuticals Inc.,US4955821081
KHC,Kraft Heinz Co,US5007541064
KIM,Kimco Realty,US49446R1095
KLAC,KLA-Tencor Corp.,US4824801009
KM,Kmart Corp,US4825841095
KMB,Kimberly-Clark Corp,US4943681035
KMG (Ker),Kerr-McGee Corp.,US4923861078
KMI,Kinder Morgan Inc,US49456B1017
KMX,Carmax Inc.,US1431301027
KO,The Coca Cola Co.,US1912161007
CPRI,Capri Holdings Ltd,VGG1890L1076
KR,Kroger Co.,US5010441013
KRB,MBNA Corp.,US55262L1008
KRI,Knight-Ridder Inc.,US4990401030
KSE,KeySpan Corp,US49337W1009
KSS,Kohl's Corp.,US5002551043
KSU,Kansas City Southern,US4851703029
L,Loews Corp.,US5404241086
BBWI,Bath & Body Works Inc,US0708301041
LDG,Longs Drug Stores Inc,US5431621011
LDOS,Leidos Holdings Inc,US5253271028
LEG,Leggett & Platt Inc,US5246601075
LEHMQ,Lehman Brothers Holding,US5249081002
LEN,Lennar Corp.,US5260571048
LH,Laboratory Corp of America Holdings,US50540R4092
LIFE (Tech),Life Technologies Corp,US53217V1098
LKQ,LKQ Corp,US5018892084
LLL,L-3 Comm's Holdings Inc,US5024131071
LLTC,Linear Technology Corp.,US5356781063
LLY,Eli Lilly and Co.,US5324571083
LM,Legg Mason Inc,US5249011058
LMT,Lockheed Martin Corp.,US5398301094
LNC,Lincoln National Corp,US5341871094
LNT,Alliant Energy Corp,US0188021085
LO,Lorillard Inc.,US5441471019
LOW,Lowe's Companies Inc,US5486611073
LPX,Louisiana-Pacific Corp.,US5463471053
LRCX,Lam Research Corp,US5128071082
LSI (LSI),LSI Corp,US5021611026
LU,Lucent Technology,US5494631071
JEF,Jefferies Financial Group Inc,US47233W1099
LUV,Southwest Airlines Co,US8447411088
LVLT,Level 3 Comm's Inc,US52729N3089
LXK,Lexmark International Inc,US5297711070
LYB,LyondellBasell Industries NV,NL0009434992
M,Macy's Inc.,US55616P1049
MA,Mastercard Inc.,US57636Q1040
MAA,Mid-America Apartment Communities,US59522J1034
MAC,Macerich,US5543821012
MAR,Marriott International Inc,US5719032022
MAS,Masco Corp.,US5745991068
MAT,Mattel Inc.,US5770811025
MAY,May Dept Stores,US5777781031
MBI,MBIA Inc,US55262C1009
MCD,McDonald's Corp.,US5801351017
MCHP,Microchip Technology Inc,US5950171042
MCK,McKesson Corp.,US58155Q1031
MCO,Moody's Corp,US6153691059
MDLZ,Mondelez International Inc,US6092071058
MDP,Meredith Corp.,US5894331017
MDR,McDermott Int'l Inc,PAL1201471A1
MDT,Medtronic PLC,IE00BTN1Y115
MEA,Mead Corp.,US5828341074
MEDI,MedImmune Inc.,US5846991025
MEE,Massey Energy Co.,US5762061068
MEL,Mellon Financial Corp,US58551A1088
MER,Merrill Lynch & Co,US5901881087
MERQ,Mercury Interactive Corp,US5894051094
MET,MetLife Inc.,US59156R1086
MFE,McAfee Inc.,US5790641063
MHK,Mohawk Industries Inc,US6081901042
MHS,Medco Health Solution Inc,US58405U1025
MI,Marshall & Ilsley Corp,US5718371033
MIL,Millipore Corp,US6010731098
MIR (M. R.),Mirage Resorts Inc,US60462E1047
MJN,Mead Johnson Nutrition Co,US5828391061
MKC,McCormick & Company Inc,US5797802064
MKG,Mallinckrodt Inc. (Old),US5612321092
MLM,Martin Marietta Materials Inc,US5732841060
MMC,Marsh & McLennan Companies Inc,US5717481023
MMI (Mot),Motorola Mobility,US6200971058
MMM,3M Co,US88579Y1010
MNK,Mallinckrodt plc,IE00BBGT3753
MNST,Monster Beverage Corp,US61174X1090
MO,Altria Group Inc.,US02209S1033
MOLX,Molex Inc.,US6085541018
MON,Monsanto Co.,US61166W1018
MOS,Mosaic Co,US61945C1036
MPC,Marathon Petroleum Corp,US56585A1025
MRK,Merck & Co Inc,US58933Y1055
MRO,Marathon Oil Corp.,US5658491064
MS,Morgan Stanley,US6174464486
MSFT,Microsoft Corp.,US5949181045
MSI,Motorola Solutions Inc.,US6200763075
MTB,M&T Bank Corp.,US55261F1049
MTD,Mettler-Toledo Int'l Inc,US5926881054
MTG,MGIC Investment Corp,US5528481030
MTW,Manitowoc Inc,US5635714059
MU,Micron Technology Inc,US5951121038
MUR,Murphy Oil Corp,US6267171022
MWW,Monster Worldwide Inc.,US6117421072
MXIM,Maxim Integrated Products Inc,US57772K1016
MYG,Maytag Corp.,US5785921074
VTRS,Viatris Inc,US92556V1061
MZ,Milacron Inc.,US5987093011
N (Inc),Inco Ltd.,CA4532584022
NAV,Navistar Int'l Corp,US63934E1082
NAVI,Navient Corp,US63938C1080
NBL,Noble Energy Inc.,US6550441058
NBR,Nabors Industries Ltd,BMG6359F1032
NC,NACCO Industries Inc,US6295791031
NCC,National City Corp.,US6354051038
NCE,New Century Energies Inc,US64352U1034
NCR,NCR Corp.,US62886E1082
NDAQ,Nasdaq Inc,US6311031081
NE,Noble Corp plc,GB00BFG3KF26
NEE,NextEra Energy Inc,US65339F1012
NEM,Newmont Mining Corp.,US6516391066
NFB,North Fork BanCorp,US6594241050
NFLX,Netflix Inc.,US64110L1061
NFX,Newfield Exploration Co.,US6512901082
NGH,Nabisco Group Holding Corp,US62952P1021
NI,NiSource Inc.,US65473P1057
NKE,Nike Inc.,US6541061031
NLSN,Nielsen Holdings PLC,GB00BWFY5505
NMK,Niagara Mohawk Holdings Inc.,US6535201064
NOC,Northrop Grumman Corp.,US6668071029
NOV,National Oilwell Varco Inc.,US6370711011
NOVL,Novell Inc,US6700061053
NRG,NRG Energy Inc,US6293775085
NSC,Norfolk Southern Corp.,US6558441084
NSI,National Service Industries Inc,US6376572060
NSM (Nat),National Semiconductor,US6376401039
NT,Nortel Networks,CA6565685089
NTAP,NetApp Inc,US64110D1046
NTRS,Northern Trust Corp.,US6658591044
NUE,Nucor Corp.,US6703461052
NVDA,Nvidia Corp.,US67066G1040
NVLS (Nove),Novellus Systems Inc,US6700081010
NWL,Newell Brands Inc,US6512291062
NWS,News Corp Class B,US65249B2088
NWSA,News Corp Class A,US65249B1098
NXTL,Nextel Communications Inc,US65332V1035
NYT,New York Times Co,US6501111073
NYX,NYSE Euronext Inc,US6294911010
O,Realty Income Corp,US7561091049
OAT,Quaker Oats Co,US7474021059
ODP,Office Depot Inc.,US6762201068
OI,Owens-Illinois Inc.,US6907684038
OK,Old Kent Financial Corp,US6798331038
OKE,ONEOK Inc,US6826801036
OMC,Omnicom Group Inc,US6819191064
OMX (Old),OfficeMax Inc (Old),US67622M1080
ONE,Bank One Corp.,US06423A1034
ORCL,Oracle Corp.,US68389X1054
ORLY,O'Reilly Automotive Inc,US67103H1077
OC,Owens Corning,US6907421019
OXY,Occidental Petroleum Corp,US6745991058
PALM,Palm Inc.,US6966431057
PAYX,Paychex Inc.,US7043261079
PBCT,People's United Financial Inc,US7127041058
PBG,Pepsi Bottling Group Inc.,US7134091005
PBI,Pitney Bowes Inc,US7244791007
PBY,"Pep Boys: Manny, Moe & Jack",US7132781094
PCAR,PACCAR Inc.,US6937181088
PCG,PG&E Corp,US69331C1080
PCH,PotlatchDeltic Corp,US7376301039
PCL,Plum Creek Timber Company,US7292511083
BKNG,Booking Holdings Inc,US09857L1089
PCP,Precision Castparts Corp,US7401891053
TMUS,T-Mobile US Inc,US8725901040
PCS (Sprint),Sprint PCS Group,US8520615068
PD,Phelps Dodge Corp,US7172651025
PDCO,Patterson Companies,US7033951036
PDG,Placer Dome Inc.,CA7259061017
PEG,Public Service Enterprise Group Inc,US7445731067
PEP,PepsiCo Inc.,US7134481081
PETM,PetSmart Inc,US7167681060
PFE,Pfizer Inc.,US7170811035
PFG,Principal Financial Group Inc,US74251V1026
PG,Procter & Gamble Co,US7427181091
PGL,Peoples Energy Corp,US7110301063
PGN,Progress Energy Inc.,US7432631056
PGR,Progressive Corp.,US7433151039
PH,Parker-Hannifin Corp,US7010941042
PHA,Pharmacia Corp.,US71713U1025
PHM,PulteGroup Inc,US7458671010
RVTY,Revvity Inc,US7140461093
PLD,Prologis,US74340W1036
PLL,Pall Corp.,US6964293079
PM,Philip Morris International Inc,US7181721090
PMCS,PMC-Sierra Inc,US69344F1066
PNC,PNC Financial Services Group Inc,US6934751057
PNR,Pentair plc,IE00BLS09M33
PNU,Pharmacia & Upjohn Inc.,US7169411094
PNW,Pinnacle West Capital Corp,US7234841010
POM,Pepco Holdings Inc.,US7132911022
PPG,PPG Industries Inc,US6935061076
PPL,PPL Corp.,US69351T1060
PRD,Polaroid Corp,US7310951055
PRGO,Perrigo Company Plc,IE00BGH1M568
PRU,Prudential Financial Inc,US7443201022
PSA,Public Storage,US74460D1090
PSFT,People Soft Inc,US7127131065
PSX,Phillips 66,US7185461040
PAR,PAR Technology Corp,US6988841036
PTV,Pactiv Corp,US6952571056
PVH,PVH Corp.,US6936561009
PVN (Fin),Providian Financial Corp,US74406A1025
PWER,Power-One Inc,US73930R1023
PWJ,Paine Webber Group Inc,US6956291057
PWR,Quanta Services Inc.,US74762E1029
LIN,Linde plc,IE00BZ12WP82
PXD,Pioneer Natural Resources Co,US7237871071
PYPL,PayPal Holdings Inc.,US70450Y1038
Q (Qwe),Qwest Communications Int'l Inc,US7491211097
QCOM,Qualcomm Inc,US7475251036
QEP,QEP Resources Inc,US74733V1008
QLGC,QLogic Corp.,US7472771010
QRVO,Qorvo Inc,US74736K1016
QTRN,Quintiles Transnational Corp,US7487671007
R,Ryder System Inc,US7835491082
RAD,Rite Aid Corp.,US7677541044
RAI,Reynolds American Inc.,US7617131062
RAL,Ralston Purina Co.,US7512773026
RATL,Rational Software Corp,US75409P2020
RBK,Reebok Int'l Ltd,US7581101000
RCL,Royal Caribbean Cruises Ltd,LR0008862868
RD,Royal Dutch Petroleum,US7802578044
RDC,Rowan Companies plc,GB00B6SLMV12
REGN,Regeneron Pharmaceuticals Inc.,US75886F1075
RF,Regions Financial Corp.,US7591EP1005
RHI,Robert Half Int'l Inc,US7703231032
RHT,Red Hat Inc.,US7565771026
RIG,Transocean Ltd,CH0048265513
RL,Ralph Lauren Corp,US7512121010
RLGY,Realogy Holdings Corp,US75605Y1064
RLM,Reynolds Metals Co,US7617631012
RML,Russell Corp.,US7823521080
RNB,Republic New York Corp,US7607191043
ROH,Rohm & Hass Co,US7753711073
ROK,Rockwell Automation Inc.,US7739031091
ROP,Roper Technologies Inc,US7766961061
ROST,Ross Stores Inc,US7782961038
RRC,Range Resources Corp.,US75281A1097
RRD,RR Donnelley & Sons Co,US2578672006
RSG,Republic Services Inc.,US7607591002
RSH,RadioShack Corp.,US74979E1010
RTN,Raytheon Co. (Old),US7551115071
IMS,IMS Health Holdings Inc,US4499341083
S,Sprint Corp,US85207U1051
S (Sears),Sears Roebuck & Co,US8123871084
SAF,Safeco Corp.,US7864291007
SANM,Sanmina Corp.,US8010561020
SAPE,Sapient Corp.,US8030621085
SBL,Symbol Technologies Inc,US8715081076
SBUX,Starbucks Corp.,US8552441094
SCG,SCANA Corp.,US80589M1027
SCHW,Charles Schwab Corp.,US8085131055
SDS,Sungard Data Systems Inc,US8673631037
SE,Spectra Energy Corp.,US8475601097
SEBL,Siebel Systems Inc.,US8261701028
SEE,Sealed Air Corp.,US81211K1007
SEG,Seagate Technology (Old),US8118041032
SFA,Scientific-Atlanta Inc,US8086551046
SGI (Old),Silicon Graphics Inc (Old),US8270561025
SGP,Schering-Plough Corp.,US8066051017
SHLD,Sears Holdings Corp,US8123501061
SHW,Sherwin-Williams Co.,US8243481061
SIAL,Sigma-Aldrich Corp.,US8265521018
SIG,Signet Jewelers Ltd,BMG812761002
SII,Smith Int'l Inc,US8321101003
SJM,J. M. Smucker Co,US8326964058
SLB,Schlumberger NV,AN8068571086
SLG,SL Green Realty,US78440X1019
SLM,SLM Corp.,US78442P1066
SLR,Solectron Corp.,US8341821077
SMI,Springs Industries Inc.,US8517831009
SMS,Shared Medical Systems Corp,US8194861014
SNA,Snap-On Inc.,US8330341012
SNDK,SanDisk Corp,US80004C1018
SNI,Scripps Networks Interactive Inc,US8110651010
SNV,Synovus Financial Corp.,US87161C5013
SO,Southern Co.,US8425871071
SOTR,SouthTrust Corp,US8447301016
SOV,Sovereign Bancorp Inc,US8459051087
SPG,Simon Property Group,US8288061091
SPGI,S&P Global Inc.,US78409V1044
SPLS,Staples Inc.,US8550301027
SRCL,Stericycle Inc.,US8589121081
SRE,Sempra Energy,US8168511090
SCI,Service Corp. Int'l,US8175651046
SSP,E. W. Scripps Co,US8110544025
STI,SunTrust Banks Inc,US8679141031
STJ,St. Jude Medical Inc,US7908491035
STR,Questar Corp.,US7483561020
STT,State Street Corp.,US8574771031
STX,Seagate Technology plc,IE00BKVD2N49
STZ,Constellation Brands Inc,US21036P1084
SUB,Summit Bancorp,US8660051017
SUN (Sun),Sunoco Inc (Old),US86764P1093
SUNEQ,SunEdison Inc,US86732Y1091
SVU,Supervalu Inc.,US8685361037
SWK,Stanley Black & Decker Inc,US8545021011
SWKS,Skyworks Solutions Inc.,US83088M1027
SWN,Southwestern Energy Co,US8454671095
SWY,Safeway Inc.,US7865142084
SYF,Synchrony Financial,US87165B1035
SYK,Stryker Corp.,US8636671013
GEN,Gen Digital Inc,US6687711084
SYY,Sysco Corp.,US8718291078
T,AT&T Inc.,US00206R1023
T (Old),AT&T Corp. (Old),US0019575051
TAP,Molson Coors Brewing Co.,US60871R2094
TAP.B,Travelers Property Casualty,US89420G1094
TDC,Teradata Corp.,US88076W1036
TDG,TransDigm Group,US8936411003
TE,TECO Energy Inc,US8723751009
TEG,Integrys Energy Group,US45822P1057
TEK,Tektronix Inc.,US8791311009
TEL,TE Connectivity Ltd,CH0102993182
TER,Teradyne Inc,US8807701029
TEX,Terex Corp.,US8807791038
TGNA,TEGNA Inc,US87901J1051
TGT,Target Corp.,US87612E1064
THC,Tenet Healthcare Corp.,US88033G4073
TIE,Titanium Metal Corp,US8883392073
TIF,Tiffany & Co.,US8865471085
TIN,Temple-Inland Inc.,US8798681073
TJX,TJX Companies Inc.,US8725401090
TKR,Timken Co.,US8873891043
TLAB,Tellabs Inc.,US8796641004
TMC.A,Times Mirror Co Share,US8873641075
GL,Globe Life Inc,US37959E1029
TMO,Thermo Fisher Scientific Inc,US8835561023
TNB,Thomas & Betts Corp,US8843151023
TOS,Tosco Corp.,US8914903021
TOY,"Toys ""R"" Us, Inc.",US8923351006
TRCO,Tribune Media Co,US8960475031
TRIP,TripAdvisor Inc,US8969452015
TROW,T. Rowe Price Group Inc,US74144T1088
TRV,Travelers Companies Inc,US89417E1091
TRW (TRW),TRW Inc.,US8726491082
TSCO,Tractor Supply Co.,US8923561067
TSG,Sabre Holdings Corp,US7859051002
TSN,Tyson Foods Inc,US9024941034
ANDV,Andeavor,US03349M1053
TSS,Total System Services Inc,US8919061098
TT (Tra),Trane Inc.,US8928931083
TUP,Tupperware Brands Corp,US8998961044
TWC,Time Warner Cable Inc.,US88732J2078
TWX,Time Warner Inc.,US8873173038
TWX (Old),Time Warner Inc. (Old),US8873151091
TX,Texaco Inc.,US8816941038
TXN,Texas Instruments Inc,US8825081040
TXT,Textron Inc.,US8832031012
TXU,TXU Corp.,US8731681081
U,US Airways Group (Old),US9119051079
UA.A,Under Armour Inc Class A,US9043111072
UA,Under Armour Inc Class C,US9043112062
UAL,United Continental Holdings Inc,US9100471096
UCL,Unocal Co,US9152891027
UCM,Unicom Corp Holding Co,US9060421065
UDR,UDR Inc,US9026531049
UHS,Universal Health Services Inc,US9139031002
UIS,Unisys Corp.,US9092143067
UK,Union Carbide Corp Holding Co,US9055811049
ULTA,Ulta Salon Cosmetics & Fragrance Inc,US90384S3031
UMG,MediaOne Group Inc.,US58440J1043
UN,Unilever N.V.,US9047847093
UNH,UnitedHealth Group Inc,US91324P1021
UNM,Unum Group,US91529Y1064
UNP,Union Pacific Corp,US9078181081
UPC,Union Planters Corp.,US9080681094
UPR,Union Pacific Resources Group Inc,US9078341057
UPS,United Parcel Service Inc,US9113121068
URBN,Urban Outfitters Inc,US9170471026
URI,United Rentals Inc,US9113631090
USB,U.S. Bancorp,US9029733048
USB (FBS),U.S. Bancorp (First Bank),91159610
UST,UST Inc.,US9029111062
USW,US West Inc.,US91299X9322
RTX,Raytheon Technologies Corp,US75513E1010
UVN,Univision Comm Inc,US9149061023
V,Visa Inc.,US92826C8394
VAR,Varian Medical Systems Inc,US92220P1057
VC,Visteon Corp.,US92839U2069
VFC,VF Corp,US9182041080
VIAB,Viacom Inc.,US92553P2011
VIAV,VIAVI Solutions Inc,US9255501051
VLO,Valero Energy Corp,US91913Y1001
VMC,Vulcan Materials Co,US9291601097
VNO,Vornado Realty Trust,US9290421091
VO,Seagram Co. Ltd.,CA8118501060
VRSK,Verisk Analytics Inc,US92345Y1064
VRSN,Verisign Inc.,US92343E1029
VRTS (Veri),Veritas Software Corp,US9234361098
VRTX,Vertex Pharmaceuticals Inc.,US92532F1003
VTR,Ventas Inc.,US92276F1003
VTSS,Vitesse Semiconductor Corp,US9284973040
VZ,Verizon Communications Inc,US92343V1044
COOP,Mr. Cooper Group Inc,US62482R1077
WAT,Waters Corp.,US9418481035
WB,Wachovia Corp.,US9299031024
WB (Old),Wachovia Corp (Old),US9297711031
WBA,Walgreens Boots Alliance Inc,US9314271084
WCOM,WorldCom Inc,US98157D1063
WDC,Western Digital Corp,US9581021055
WEC,WEC Energy Group Inc,US92939U1060
WEN,Wendy's International,US9505901093
WFC,Wells Fargo & Co,US9497461015
WFM,Whole Foods Market Inc,US9668371068
WFT,Weatherford Int'l plc,IE00BLNN3691
WHR,Whirlpool Corp.,US9633201069
WIN,Windstream Holdings Inc,US97382A3095
WIN (W-D),Winn-Dixie Stores Inc (Old),US9742801098
WLA,Warner Lambert Pharmaceutical Co,US9344881076
WLL (Wil),Willamette Industries Inc,US9691331071
WLP,Wellpoint Health Networks Inc,US94973H1086
WTW,Willis Towers Watson plc,IE00BDB6Q211
WM,Waste Management Inc.,US94106L1098
WMB,Williams Companies Inc,US9694571004
WMT,Wal-Mart Stores Inc,US9311421039
WOR,Worthington Industries Inc,US9818111026
WPX,WPX Energy Inc,US98212B1035
SW,Smurfit WestRock plc,IE00028FXN24
WU,Western Union Co.,US9598021098
WWY,Wrigley Co.,US9825261053
WY,Weyerhaeuser Co,US9621661043
WYE,Wyeth Corp.,US9830241009
WYND,Wyndham Destinations Inc,US98310W1080
WYNN,Wynn Resorts Ltd,US9831341071
X,United States Steel Corp,US9129091081
XEC,Cimarex Energy Co,US1717981013
XEL,Xcel Energy Inc.,US98389B1008
XL,XL Group Ltd,BMG982941046
XLNX,Xilinx Inc.,US9839191015
XOM,Exxon Mobil Corp.,US30231G1022
XRAY,Dentsply Sirona Inc,US24906P1093
XRX,Xerox Corp.,US98421M1062
XTO,XTO Energy Inc.,US98385X1063
XYL,Xylem Inc.,US98419M1009
YHOO,Yahoo! Inc,US9843321061
YNR,Young & Rubicam Inc,US9874251054
YUM,Yum! Brands Inc.,US9884981013
ZBH,Zimmer Biomet Holdings Inc,US98956P1021
ZION,Zion Bancorp,US9897011071
ZTS,Zoetis Inc,US98978V1035
RJF,Raymond James Financial Inc,US7547301090
ARE,Alexandria Real Estate Equities,US0152711091
SNPS,Synopsys Inc,US8716071076
DISH,DISH Network Corp,US25470M1099
REG,Regency Centers,US7588491032
CBOE,CBOE Holdings Inc,US12503M1080
IT,Gartner Inc,US3666511072
DXC,DXC Technology Co,US23355L1061
EG,Everest Group Ltd,BMG3223R1088
ALGN,Align Technology Inc.,US0162551016
ANSS,ANSYS Inc.,US03662Q1058
INFO,IHS Markit Ltd.,BMG475671050
CDNS,Cadence Design Systems Inc,US1273871087
SBAC,SBA Comm's Corp,US78410G1040
IQV,IQVIA Holdings Inc,US46266C1053
BHF,Brighthouse Financial Inc,US10922N1037
MGM,MGM Resorts International,US5529531015
RMD,ResMed Inc.,US7611521078
PKG,Packaging Corp of America,US6951561090
AOS,A. O. Smith Corp,US8318652091
DRE,Duke Realty,US2644115055
NCLH,Norwegian Cruise Line Holdings Ltd,BMG667211046
HII,Huntington Ingalls Industries Inc.,US4464131063
TTWO,Take-Two Interactive Software Inc.,US8740541094
SIVB,SVB Financial Group,US78486Q1013
NKTR,Nektar Therapeutics,US6402681083
IPGP,IPG Photonics Corp,US44980X1090
MSCI,MSCI Inc,US55354G1004
ABMD,ABIOMED Inc,US0036541003
EVRG,Evergy Inc,US30034W1062
TWTR,Twitter Inc,US90184L1026
CPAY,Corpay Inc,US2199481068
HFC,HollyFrontier Corp,US4361061082
BR,Broadridge Financial Solutions Inc,US11133T1034
CPRT,Copart Inc,US2172041061
ANET,Arista Networks Inc,US0404131064
WCG,WellCare Health Plans Inc,US94946T1060
ROL,Rollins Inc,US7757111049
FTNT,Fortinet Inc,US34959E1091
JKHY,Jack Henry & Associates Inc,US4262811015
KEYS,Keysight Technologies Inc,US49338L1035
CE,Celanese Corp,US1508701034
FANG,Diamondback Energy Inc,US25278X1090
LW,Lamb Weston Holdings Inc,US5132721045
WAB,Wabtec Corp,US9297401088
ATO,Atmos Energy Corp,US0495601058
TFX,Teleflex Inc,US8793691069
DOW,Dow Inc,US2605571031
CTVA,Corteva Inc.,US22052L1044
AMCR,Amcor plc,JE00BJ1F3079
MKTX,MarketAxess Holdings Inc,US57060D1081
NVR,NVR Inc,US62944T1051
CDW,CDW Corp,US12514G1085
IEX,IDEX Corp,US45167R1041
LVS,Las Vegas Sands Corp,US5178341070
NOW,ServiceNow Inc,US81762P1021
ODFL,Old Dominion Freight Line Inc,US6795801009
WRB,W. R. Berkley Corp,US0844231029
STE,STERIS plc,IE00BFY8C754
ZBRA,Zebra Technologies Corp,US9892071054
LYV,Live Nation Entertainment Inc,US5380341090
PAYC,Paycom Software Inc,US70432V1026
IR,Ingersoll Rand Inc,US45687V1061
CARR,Carrier Global Corp,US14448C1045
OTIS,Otis Worldwide Corp,US68902V1070
WST,West Pharmaceutical Services Inc,US9553061055
DXCM,DexCom Inc,US2521311074
DPZ,Domino's Pizza Inc,US25754A2015
TYL,Tyler Technologies Inc,US9022521051
BIO,Bio-Rad Laboratories Inc,US0905722072
TDY,Teledyne Technologies Inc,US8793601050
ETSY,Etsy Inc.,US29786A1060
CTLT,Catalent Inc,US1488061029
VNT,Vontier Corp.,US9288811014
POOL,Pool Corp,US73278L1052
TSLA,Tesla Inc,US88160R1014
TRMB,Trimble Inc,US8962391004
ENPH,Enphase Energy Inc,US29355A1079
MPWR,Monolithic Power Systems Inc,US6098391054
NXPI,NXP Semiconductors NV,NL0009538784
PENN,Penn National Gaming Inc,US7075691094
GNRC,Generac Holdings Inc,US3687361044
CZR,Caesars Entertainment Inc,US12769G1004
PTC,PTC Inc,US69370C1009
CRL,Charles River Laboratories International Inc ,US1598641074
OGN,Organon & Co,US68622V1061
MRNA,Moderna Inc,US60770K1079
TECH,Bio-Techne Corp,US09073M1045
MTCH,Match Group Inc,US57667L1070
DAY,Dayforce Inc,US15677J1088
BRO,Brown & Brown Inc,US1152361010
SBNY,Signature Bank,US82669G1040
SEDG,SolarEdge Technologies Inc,US83417M1045
FDS,FactSet Research Systems Inc,US3030751057
EPAM,EPAM Systems Inc,US29414B1044
NDSN,Nordson Corp,US6556631025
CEG,Constellation Energy Corp,US21037T1097
MOH,Molina Healthcare Inc,US60855R1005
CPT,Camden Property Trust,US1331311027
VICI,VICI Properties Inc,US9256521090
ON,ON Semiconductor Corp,US6821891057
KDP,Keurig Dr Pepper Inc,US49271V1008
CSGP,CoStar Group Inc,US22160N1090
INVH,Invitation Homes Inc,US46187W1071
TRGP,Targa Resources Corp,US87612G1013
ACGL,Arch Capital Group Ltd,BMG0450A1053
STLD,Steel Dynamics Inc,US8581191009
GEHC,GE HealthCare Technologies Inc,US36266G1076
FICO,Fair Isaac & Co Inc,US3032501047
BG,Bunge Ltd,BMG169621056
PODD,Insulet Corp,US45784P1012
AXON,Axon Enterprise Inc,US05464C1018
PANW,Palo Alto Networks Inc,US6974351057
KVUE,Kenvue Inc,US49177J1025	
BX,Blackstone Inc,US09260D1072
ABNB,Airbnb Inc,US0090661010
LULU,Lululemon Athletica Inc,US5500211090
HUBB,Hubbell Inc,US4435106079
VLTO,Veralto Corp,US92338C1036
UBER,Uber Technologies Inc,US90353T1007
BLDR,Builders FirstSource Inc,US12008R1077
DECK,Deckers Outdoor Corp,US2435371073
SMCI,Super Micro Computer Inc,US86800U1043
GEV,GE Vernova Inc,US36828A1016
SOLV,Solventum Corp,US83444M1018
VST,Vistra Corp,US92840M1027
KKR,KKR & Co Inc,US48251W1045
CRWD,CrowdStrike Holdings Inc,US22788C1053
GDDY,GoDaddy Inc,US3802371076
PLTR,Palantir Technologies Inc,US69608A1088
DELL,Dell Technologies Inc,US24703L2025
ERIE,Erie Indemnity Co,US29530P1021
AMTM,Amentum Holdings Inc,US0239391016
